Cluster,Dominant_Timepoint,Responders,NonResponders,OddsRatio,PValue,Clinical_Classification
0,Baseline,144,275,0.8880012306449515,0.2801427376614538,Neutral
1,Baseline,2665,4080,1.405014425360923,5.299104642355386e-14,Response Associated
2,Post-Tx,207,522,0.6565651595356885,7.541240545900494e-07,Resistance Associated
3,Baseline,30,91,0.5582285886329609,0.006953242688595771,Resistance Associated
4,Baseline,652,1334,0.7971562484011906,2.102578884000972e-05,Neutral
