Cluster,Dominant_Timepoint,Responders,NonResponders,OddsRatio,PValue,Clinical_Classification
0,Baseline,176,325,0.8809784714737994,0.24454204533709825,Neutral
1,Baseline,476,710,1.2404998315858808,0.0103499920180915,Neutral
2,Baseline,199,307,1.1031840624902796,0.36273006632597715,Neutral
3,Recurrence,45,127,0.5704247810788562,0.001962888012748277,Resistance Associated
4,Baseline,41,94,0.7151049677294605,0.09628794353385495,Resistance Associated
