Spectral_Cluster,PT1,PT2,PT3,PT4
0,18.962075848303392,16.16766467065868,29.141716566866265,35.728542914171655
1,31.703204047217536,8.431703204047219,32.29342327150084,27.5716694772344
2,27.07509881422925,12.25296442687747,28.26086956521739,32.41106719367589
3,16.86046511627907,9.30232558139535,54.06976744186046,19.767441860465116
4,18.51851851851852,11.851851851851853,45.18518518518518,24.444444444444443
