Spectral_Cluster,PT1,PT2,PT3,PT4
0,18.615751789976134,15.75178997613365,44.39140811455847,21.241050119331742
1,29.45885841363973,10.05189028910304,31.919940696812453,28.569310600444776
2,19.89026063100137,8.50480109739369,50.06858710562414,21.536351165980797
3,13.223140495867769,11.570247933884298,42.14876033057851,33.057851239669425
4,16.76737160120846,16.062437059415913,26.636455186304133,40.5337361530715
