Rank,Eigenvalue,Eigengap_To_Next
1,0.9999993,0.0024031997
2,0.9975961,0.0005943775
3,0.9970017,0.006267965
4,0.99073374,0.0007648468
5,0.9899689,0.015383661
6,0.97458524,0.0020782351
7,0.972507,0.005738735
8,0.96676826,0.002306819
9,0.96446145,0.017772079
10,0.94668937,0.012983382
11,0.933706,0.0042797327
12,0.92942625,0.0063472986
13,0.92307895,0.014491379
14,0.9085876,0.004765153
15,0.9038224,0.01838243
16,0.88544,0.003149867
17,0.8822901,0.012799799
18,0.8694903,0.0030993223
19,0.866391,
